
INSERT INTO `banner` (`ID`, `title`, `description`, `image_name`, `link`, `visible`, `type`, `alt`, `mask`) VALUES
(1, 'Poznaj SEDNA ', '<h2> Schneider Electric </h2> <p> Sedna to osprzęt elektroinstalacyjny o wyrazistym kształcie oraz unikalnej formie.</p>','/banners/Group_40.png', 'http://biblegateway.com/congue/elementum/in/hac/habitasse/platea/dictumst.json?neque=massa&libero=volutpat&convallis=convallis&eget=morbi&eleifend=odio&luctus=odio&ultricies=elementum&eu=eu&nibh=interdum&quisque=eu&id=tincidunt&justo=in&sit=leo&amet=maece', 1, 'home_top', 'baner strony głównej', 1),
(2, 'Philips HUE', '<h2> Oświetl swój dom </h2> <p>Wyobraź sobie, że jednym dotknięciem wyłączasz wszystkie światła.</p>', '/banners/Mask_Group_40.png', 'http://biblegateway.com/congue/elementum/in/hac/habitasse/platea/dictumst.json?neque=massa&libero=volutpat&convallis=convallis&eget=morbi&eleifend=odio&luctus=odio&ultricies=elementum&eu=eu&nibh=interdum&quisque=eu&id=tincidunt&justo=in&sit=leo&amet=maece', 1, 'home_top', '2 baner strony głównej', 1),
(3, 'Pomoc Eksperta', '<h2> Doradzamy </h2>', '/banners/image_203.jpg', 'http://biblegateway.com/congue/elementum/in/hac/habitasse/platea/dictumst.json?neque=massa&libero=volutpat&convallis=convallis&eget=morbi&eleifend=odio&luctus=odio&ultricies=elementum&eu=eu&nibh=interdum&quisque=eu&id=tincidunt&justo=in&sit=leo&amet=maece', 1, 'home_tile', 'home tile ekspert', 1),
(4, 'Szukaj Wygodnie', '<h2> Elhurt plus </h2>', '/banners/image_204.jpg', 'http://epa.gov/habitasse/platea.xml?aenean=nisi&fermentum=at&donec=nibh&ut=in&mauris=hac&eget=habitasse&massa=platea&tempor=dictumst&convallis=aliquam&nulla=augue&neque=quam&libero=sollicitudin&convallis=vitae&eget=consectetuer&eleifend=eget&luctus=rutrum', 1, 'home_tile', 'home tile szukaj', 1),
(5, 'Seria Unica', '<h2> Wyjątkowy wzór </h2>', '/banners/image_205.jpg', 'https://webnode.com/at/turpis/a.jpg?vulputate=eleifend&luctus=quam&cum=a&sociis=odio&natoque=in&penatibus=hac&et=habitasse&magnis=platea&dis=dictumst&parturient=maecenas&montes=ut&nascetur=massa&ridiculus=quis&mus=augue&vivamus=luctus&vestibulum=tincidunt', 1, 'home_tile', 'home tile unica', 1),
(6, 'Sprawdź dlaczego my', 'Początki działalności to rok 2002r i otwarcie hurtowni elektrycznej, oferującej podstawoer produkty do instalacji elektrycznych jak i również materiały używane w przemyśle wydobywczym. Firma dostarczała produkty trudno dostępne do kopalń, zakładów przemysłowych <img src="icon1.png"> <img src="icon2.png"> <img src="icon3.png">', '/banners/test.png', 'http://wiley.com/condimentum.jsp?natoque=nec&penatibus=nisi&et=volutpat&magnis=eleifend&dis=donec&parturient=ut&montes=dolor&nascetur=morbi&ridiculus=vel&mus=lectus&etiam=in&vel=quam&augue=fringilla&vestibulum=rhoncus&rutrum=mauris&rutrum=enim&neque=leo&a', 1, 'home_bottom', 'about_us', 0),
(7, 'DJI Mavic Air 2', '<h2> Fly More Combo </h2>', '/banners/img_04.jpg', 'https://guardian.co.uk/curabitur/convallis/duis/consequat.xml?cum=eu&sociis=sapien&natoque=cursus&penatibus=vestibulum&et=proin&magnis=eu&dis=mi&parturient=nulla&montes=ac&nascetur=enim&ridiculus=in&mus=tempor&vivamus=turpis&vestibulum=nec&sagittis=euismo', 1, 'store', 'banner sklep', 1);

INSERT INTO `category` (`ID`, `name`, `image_name`, `parent`, `level`,`description`) VALUES
(1, 'Gniazdka,wyłączniki', 'http://dummyimage.com/168x100.png/5fa2dd/ffffff', NULL, 1,  'Gniazda elektryczne są niezbędnym elementem instalacji elektrycznej. To dzięki nim użytkownicy mogą zasilić urządzenia i sprzęt. Kontakty elektryczne są funkcjonalne i łatwe w montażu. Posiadamy zarówno gniazda instalacyjne natynkowe, podtynkowe, nowoczesne gniazdka teleinformatyczne, RTV i SAT, jak i hermetyczne, sprawdzające się tam, gdzie istnieje ryzyko kontaktu z wodą – łazienka, kuchnia…'),
(2, 'Philips', '/manufacturers/philips_logo.png', 1, 2,  'Oferujemy szeroki wybór żarówek marki Philips. Jako renomowany producent oświetlenia, Philips jest znany ze swojej innowacyjności, jakości wykonania i trwałości swoich produktów. Dzięki naszej ofercie żarówek Philips, możesz oświetlić swój dom, biuro lub dowolne miejsce w najbardziej efektywny i stylowy sposób.'),
(3, 'Osram', '/manufacturers/osram_logo.png', 1, 2,  'Jako wiodący producent oświetlenia, Osram słynie z wysokiej jakości produktów, innowacyjnych rozwiązań i niezawodności. Dzięki naszej bogatej ofercie żarówek marki Osram, możesz stworzyć odpowiednie oświetlenie w każdym pomieszczeniu i wypełnić je ciepłem i atmosferą.'),
(4, 'Automatyka, Sterowanie', 'http://dummyimage.com/117x100.png/cc0000/ffffff', NULL, 1,  'Witamy w kategorii "Automatyka, sterowanie" naszego sklepu internetowego! Znajdziesz tutaj szeroki wybór wysokiej jakości produktów, które umożliwią Ci automatyzację procesów oraz precyzyjne sterowanie nimi. Nasza oferta obejmuje innowacyjne urządzenia i systemy z różnych branż, takich jak przemysł, energetyka, transport i wiele innych. Dzięki naszym produktom będziesz mógł zoptymalizować swoje operacje, zwiększyć efektywność oraz osiągnąć doskonałą kontrolę nad swoimi procesami.'),
(5, 'Spiral', '/manufacturers/spiral_logo.png', 4, 2,  ' Jako renomowany producent oświetlenia, Spiral słynie z wysokiej jakości produktów, innowacyjnych rozwiązań i zaawansowanej technologii. Dzięki naszej bogatej ofercie żarówek Spiral, możesz znaleźć idealne rozwiązanie oświetleniowe do swojego domu, biura lub dowolnego innego miejsca.'),
(6, 'Żródła światła', 'http://dummyimage.com/210x100.png/5fa2dd/ffffff', NULL, 1,  'Oferujemy szeroki wybór wysokiej jakości produktów, które doskonale oświetlą Twoje wnętrza i stworzą przyjemną atmosferę w każdym pomieszczeniu. Nasza oferta obejmuje różnorodne rodzaje źródeł światła, które są nie tylko funkcjonalne, ale także estetyczne i energooszczędne.'),
(7, 'Oświetlenie wewnętrzne', 'http://dummyimage.com/188x100.png/dddddd/000000', NULL, 1,  'Znajdziesz tutaj szeroki wybór wysokiej jakości produktów, które pozwolą Ci stworzyć idealną atmosferę wewnątrz swojego domu, biura czy innego wnętrza. Nasza oferta obejmuje różnorodne style, wzory i rodzaje oświetlenia, które spełnią Twoje najwyższe oczekiwania.'),
(8, 'Rozdzielnie i aparatura', 'http://dummyimage.com/160x100.png/ff4444/ffffff', NULL, 1,  'W naszym sklepie stawiamy na wysoką jakość, dlatego oferujemy produkty renomowanych producentów, którzy są gwarancją nie tylko solidności, ale również bezpieczeństwa Twojej instalacji elektrycznej. Zapewniamy profesjonalną obsługę i doradztwo, aby pomóc Ci w wyborze odpowiednich produktów dla Twoich indywidualnych potrzeb. Przełącz na wyższy poziom efektywności i bezpieczeństwa dzięki naszym rozdzielniom i aparaturze!'),
(9, 'Materiały instalacyjne', 'http://dummyimage.com/140x100.png/dddddd/000000', NULL , 1, ' Oferujemy szeroki wybór wysokiej jakości produktów, które umożliwią Ci kompleksowe i solidne wykonanie instalacji elektrycznych, hydraulicznych, telekomunikacyjnych i wielu innych. Nasza oferta obejmuje różnorodne materiały, narzędzia i akcesoria, które są niezbędne do prawidłowego wykonania prac instalacyjnych.'),
(10, 'Simon', '/manufacturers/simon_logo.png', 4, 2,  ' Jako renomowany producent oświetlenia, Simon słynie z wysokiej jakości produktów, innowacyjnych rozwiązań i zaawansowanej technologii. Dzięki naszej bogatej ofercie żarówek Simon, możesz znaleźć idealne rozwiązanie oświetleniowe do swojego domu, biura lub dowolnego innego miejsca.');


INSERT INTO `delivery` (`ID`, `name`) VALUES
(1, '24'),
(2, '24'),
(3, '24'),
(4, '24'),
(5, '24'),
(6, '24'),
(7, '24'),
(8, '24');

INSERT INTO `filter` (`ID`, `type`, `name`) VALUES
(1, 'color', 'Kolor'),
(2, 'range', 'Zakres'),
(3, 'slider', 'Cena'),
(4, 'grid_multiple', 'Numer');

INSERT INTO `filter_value` (`ID`, `ID_filter`, `value`) VALUES
(1, 1, 'Yellow'),
(2, 1, 'Red'),
(3, 1, 'RebeccaPurple'),
(4, 1, 'Magenta'),
(5, 1, 'Orange'),
(6, 1, 'Lime'),
(7, 1, 'Green'),
(8, 1, 'Cyan'),
(9, 1, 'DodgerBlue'),
(10, 1, 'NavajoWhite'),
(11, 1, 'White'),
(12, 1, 'Black'),
(13, 1, 'Pink'),
(14, 1, 'PeachPuff'),
(15, 1, 'Wheat'),
(16, 2, '25'),
(17, 2, '100'),
(18, 3, '50'),
(19, 3, '75'),
(20, 4, '90'),
(21, 4, '100');

INSERT INTO `flag` (`ID`, `name`) VALUES
(1, 'new'),
(2, 'promo'),
(3, 'featured');

INSERT INTO `parameter_value` (`ID`, `value`, `parameter`) VALUES
(1, '33', 'parametr'),
(2, '21', 'velit vivamus'),
(3, '36', 'metus'),
(4, '110', 'nisi'),
(5, '56', 'pede lobortis'),
(6, '60', 'ultrices');

INSERT INTO `product` (`ID`, `name`, `description`, `video_url`, `promo_price`, `catalog_price`, `serial_number`, `stock`, `delivery_ID`, `visible`, `variant_group_ID`, `variant_name`) VALUES
(1, 'Łącznik jednobiegunowy (moduł) 10AX, 250V~, zaciski śrubowe biały Simon 10 CW1.01/11', 'Simon 10 to ekonomiczna seria modułowa dla inwestycji, na których zróżnicowana kolorystyka nie jest wymagana. Dwa podstawowe kolory: biały i kremowy oraz pełen przekrój asortymentu łączników i gniazd pozwolą na kompleksowe wyposażenie każdego mieszkania lub biura. Elementem wyróżniającym tę serię jest nieprzewodzący prądu mostek wykonany z wysokiej jakości tworzywa zapewniającego trwałość i elastyczność oraz bezpieczeństwo podczas prac montażowych', './Photo -1.png', '442,85', '656,65', 'IPC-HFW2231S-S-0280B', 89, 8, 1, 1, 'czarny'),
(2, 'Łącznik jednobiegunowy (moduł) 10AX, 250V~, zaciski śrubowe biały Simon 10 CW1.01/11', 'Simon 10 to ekonomiczna seria modułowa dla inwestycji, na których zróżnicowana kolorystyka nie jest wymagana. Dwa podstawowe kolory: biały i kremowy oraz pełen przekrój asortymentu łączników i gniazd pozwolą na kompleksowe wyposażenie każdego mieszkania lub biura. Elementem wyróżniającym tę serię jest nieprzewodzący prądu mostek wykonany z wysokiej jakości tworzywa zapewniającego trwałość i elastyczność oraz bezpieczeństwo podczas prac montażowych', './Photo -1.png', '442,85', '656,65', 'IPC-HFW2231S-S-0280B', 89, 8, 1, 1, 'czarny'),
(3, 'Łącznik jednobiegunowy (moduł) 10AX, 250V~, zaciski śrubowe biały Simon 10 CW1.01/11', 'Simon 10 to ekonomiczna seria modułowa dla inwestycji, na których zróżnicowana kolorystyka nie jest wymagana. Dwa podstawowe kolory: biały i kremowy oraz pełen przekrój asortymentu łączników i gniazd pozwolą na kompleksowe wyposażenie każdego mieszkania lub biura. Elementem wyróżniającym tę serię jest nieprzewodzący prądu mostek wykonany z wysokiej jakości tworzywa zapewniającego trwałość i elastyczność oraz bezpieczeństwo podczas prac montażowych', './Photo -1.png', '442,85', '656,65', 'IPC-HFW2231S-S-0280B', 89, 8, 1, 1, 'czarny'),
(4, 'Łącznik jednobiegunowy (moduł) 10AX, 250V~, zaciski śrubowe biały Simon 10 CW1.01/11', 'Simon 10 to ekonomiczna seria modułowa dla inwestycji, na których zróżnicowana kolorystyka nie jest wymagana. Dwa podstawowe kolory: biały i kremowy oraz pełen przekrój asortymentu łączników i gniazd pozwolą na kompleksowe wyposażenie każdego mieszkania lub biura. Elementem wyróżniającym tę serię jest nieprzewodzący prądu mostek wykonany z wysokiej jakości tworzywa zapewniającego trwałość i elastyczność oraz bezpieczeństwo podczas prac montażowych', './Photo -1.png', '442,85', '656,65', 'IPC-HFW2231S-S-0280B', 89, 8, 1, 1, 'czarny'),
(5, 'Łącznik jednobiegunowy (moduł) 10AX, 250V~, zaciski śrubowe biały Simon 10 CW1.01/11', 'Simon 10 to ekonomiczna seria modułowa dla inwestycji, na których zróżnicowana kolorystyka nie jest wymagana. Dwa podstawowe kolory: biały i kremowy oraz pełen przekrój asortymentu łączników i gniazd pozwolą na kompleksowe wyposażenie każdego mieszkania lub biura. Elementem wyróżniającym tę serię jest nieprzewodzący prądu mostek wykonany z wysokiej jakości tworzywa zapewniającego trwałość i elastyczność oraz bezpieczeństwo podczas prac montażowych', './Photo -1.png', '442,85', '656,65', 'IPC-HFW2231S-S-0280B', 89, 8, 1, 1, 'czarny'),
(6, 'Żarówka filamentowa SPIRAL 4W LED E27 IP20 2700K Eko-light', 'Model ML553 to żarówka LED o maksymalnej mocy 4 W odpowiadającej 31 W przy tradycyjnej żarówce oraz zasilaniu równym 230 V. Zastosowano w niej gwint typu E27. Żarówka jest źródłem światła o przyjemnym i bezpiecznym ciepłym zabarwieniu. W związku z tym jej temperatura barwowa jest równa 2700 K. A strumień świetlny ma wartość 280 lumenów. Produkt nie współpracuje ze ściemniaczem.', 'http://dummyimage.com/169x100.png/dddddd/000000', '19.99', '49.99', '4237e8dsx793', 96, 7, 1, 2, 'Brązowy'),
(7, 'Żarówka filamentowa SPIRAL 4W LED E27 IP20 2700K Eko-light', 'Model ML553 to żarówka LED o maksymalnej mocy 4 W odpowiadającej 31 W przy tradycyjnej żarówce oraz zasilaniu równym 230 V. Zastosowano w niej gwint typu E27. Żarówka jest źródłem światła o przyjemnym i bezpiecznym ciepłym zabarwieniu. W związku z tym jej temperatura barwowa jest równa 2700 K. A strumień świetlny ma wartość 280 lumenów. Produkt nie współpracuje ze ściemniaczem.', 'http://dummyimage.com/169x100.png/dddddd/000000', '19.99', '49.99', '4237e8dsx793', 96, 7, 1, 2, 'Brązowy'),
(8, 'Żarówka filamentowa SPIRAL 4W LED E27 IP20 2700K Eko-light', 'Model ML553 to żarówka LED o maksymalnej mocy 4 W odpowiadającej 31 W przy tradycyjnej żarówce oraz zasilaniu równym 230 V. Zastosowano w niej gwint typu E27. Żarówka jest źródłem światła o przyjemnym i bezpiecznym ciepłym zabarwieniu. W związku z tym jej temperatura barwowa jest równa 2700 K. A strumień świetlny ma wartość 280 lumenów. Produkt nie współpracuje ze ściemniaczem.', 'http://dummyimage.com/169x100.png/dddddd/000000', '19.99', '49.99', '4237e8dsx793', 96, 7, 1, 2, 'Brązowy'),
(9, 'Żarówka filamentowa SPIRAL 4W LED E27 IP20 2700K Eko-light', 'Model ML553 to żarówka LED o maksymalnej mocy 4 W odpowiadającej 31 W przy tradycyjnej żarówce oraz zasilaniu równym 230 V. Zastosowano w niej gwint typu E27. Żarówka jest źródłem światła o przyjemnym i bezpiecznym ciepłym zabarwieniu. W związku z tym jej temperatura barwowa jest równa 2700 K. A strumień świetlny ma wartość 280 lumenów. Produkt nie współpracuje ze ściemniaczem.', 'http://dummyimage.com/169x100.png/dddddd/000000', '19.99', '49.99', '4237e8dsx793', 96, 7, 1, 2, 'Brązowy'),
(10, 'Żarówka filamentowa SPIRAL 4W LED E27 IP20 2700K Eko-light', 'Model ML553 to żarówka LED o maksymalnej mocy 4 W odpowiadającej 31 W przy tradycyjnej żarówce oraz zasilaniu równym 230 V. Zastosowano w niej gwint typu E27. Żarówka jest źródłem światła o przyjemnym i bezpiecznym ciepłym zabarwieniu. W związku z tym jej temperatura barwowa jest równa 2700 K. A strumień świetlny ma wartość 280 lumenów. Produkt nie współpracuje ze ściemniaczem.', 'http://dummyimage.com/169x100.png/dddddd/000000', '19.99', '49.99', '4237e8dsx793', 96, 7, 1, 2, 'Brązowy'),
(11, 'Żarówka LED VALUE CLASSIC A MATOWA 40 5,5W 4000K E27 Osram', 'E27 Osram to żarówka LED o maksymalnej mocy 5,5 W odpowiadającej 31 W przy tradycyjnej żarówce oraz zasilaniu równym 260 V. Zastosowano w niej gwint typu E27. Żarówka jest źródłem światła o przyjemnym i bezpiecznym ciepłym zabarwieniu. W związku z tym jej temperatura barwowa jest równa 4000 K. A strumień świetlny ma wartość 280 lumenów. Produkt nie współpracuje ze ściemniaczem.', 'http://dummyimage.com/181x100.png/ff4444/ffffff', '18.99', '29.99', '4237e8dsx793', 41, 6, 1, 3, 'Biały-4000K'),
(12, 'Żarówka LED VALUE CLASSIC A MATOWA 40 5,5W 4000K E27 Osram', 'E27 Osram to żarówka LED o maksymalnej mocy 5,5 W odpowiadającej 31 W przy tradycyjnej żarówce oraz zasilaniu równym 260 V. Zastosowano w niej gwint typu E27. Żarówka jest źródłem światła o przyjemnym i bezpiecznym ciepłym zabarwieniu. W związku z tym jej temperatura barwowa jest równa 4000 K. A strumień świetlny ma wartość 280 lumenów. Produkt nie współpracuje ze ściemniaczem.', 'http://dummyimage.com/181x100.png/ff4444/ffffff', '18.99', '29.99', '4237e8dsx793', 41, 6, 1, 3, 'Biały-4000K'),
(13, 'Żarówka LED VALUE CLASSIC A MATOWA 40 5,5W 4000K E27 Osram', 'E27 Osram to żarówka LED o maksymalnej mocy 5,5 W odpowiadającej 31 W przy tradycyjnej żarówce oraz zasilaniu równym 260 V. Zastosowano w niej gwint typu E27. Żarówka jest źródłem światła o przyjemnym i bezpiecznym ciepłym zabarwieniu. W związku z tym jej temperatura barwowa jest równa 4000 K. A strumień świetlny ma wartość 280 lumenów. Produkt nie współpracuje ze ściemniaczem.', 'http://dummyimage.com/181x100.png/ff4444/ffffff', '18.99', '29.99', '4237e8dsx793', 41, 6, 1, 3, 'Biały-4000K'),
(14, 'Żarówka LED VALUE CLASSIC A MATOWA 40 5,5W 4000K E27 Osram', 'E27 Osram to żarówka LED o maksymalnej mocy 5,5 W odpowiadającej 31 W przy tradycyjnej żarówce oraz zasilaniu równym 260 V. Zastosowano w niej gwint typu E27. Żarówka jest źródłem światła o przyjemnym i bezpiecznym ciepłym zabarwieniu. W związku z tym jej temperatura barwowa jest równa 4000 K. A strumień świetlny ma wartość 280 lumenów. Produkt nie współpracuje ze ściemniaczem.', 'http://dummyimage.com/181x100.png/ff4444/ffffff', '18.99', '29.99', '4237e8dsx793', 41, 6, 1, 3, 'Biały-4000K'),
(15, 'Żarówka LED VALUE CLASSIC A MATOWA 40 5,5W 4000K E27 Osram', 'E27 Osram to żarówka LED o maksymalnej mocy 5,5 W odpowiadającej 31 W przy tradycyjnej żarówce oraz zasilaniu równym 260 V. Zastosowano w niej gwint typu E27. Żarówka jest źródłem światła o przyjemnym i bezpiecznym ciepłym zabarwieniu. W związku z tym jej temperatura barwowa jest równa 4000 K. A strumień świetlny ma wartość 280 lumenów. Produkt nie współpracuje ze ściemniaczem.', 'http://dummyimage.com/181x100.png/ff4444/ffffff', '18.99', '29.99', '4237e8dsx793', 41, 6, 1, 3, 'Biały-4000K'),
(16, 'Żarówka LED VALUE CLASSIC A MATOWA 40 5,5W 6500K E27 Osram', 'E27 Osram to żarówka LED o maksymalnej mocy 5,5 W odpowiadającej 31 W przy tradycyjnej żarówce oraz zasilaniu równym 260 V. Zastosowano w niej gwint typu E27. Żarówka jest źródłem światła o przyjemnym i bezpiecznym ciepłym zabarwieniu. W związku z tym jej temperatura barwowa jest równa 6500 K. A strumień świetlny ma wartość 280 lumenów. Produkt nie współpracuje ze ściemniaczem.', 'http://dummyimage.com/181x100.png/ff4444/ffffff', '18.99', '29.99', '4237e8dsx793', 41, 6, 1, 3, 'Biały-6500K'),
(17, 'Żarówka LED VALUE CLASSIC A MATOWA 40 5,5W 6500K E27 Osram', 'E27 Osram to żarówka LED o maksymalnej mocy 5,5 W odpowiadającej 31 W przy tradycyjnej żarówce oraz zasilaniu równym 260 V. Zastosowano w niej gwint typu E27. Żarówka jest źródłem światła o przyjemnym i bezpiecznym ciepłym zabarwieniu. W związku z tym jej temperatura barwowa jest równa 6500 K. A strumień świetlny ma wartość 280 lumenów. Produkt nie współpracuje ze ściemniaczem.', 'http://dummyimage.com/181x100.png/ff4444/ffffff', '18.99', '29.99', '4237e8dsx793', 41, 6, 1, 3, 'Biały-6500K'),
(18, 'Żarówka LED VALUE CLASSIC A MATOWA 40 5,5W 6500K E27 Osram', 'E27 Osram to żarówka LED o maksymalnej mocy 5,5 W odpowiadającej 31 W przy tradycyjnej żarówce oraz zasilaniu równym 260 V. Zastosowano w niej gwint typu E27. Żarówka jest źródłem światła o przyjemnym i bezpiecznym ciepłym zabarwieniu. W związku z tym jej temperatura barwowa jest równa 6500 K. A strumień świetlny ma wartość 280 lumenów. Produkt nie współpracuje ze ściemniaczem.', 'http://dummyimage.com/181x100.png/ff4444/ffffff', '18.99', '29.99', '4237e8dsx793', 41, 6, 1, 3, 'Biały-6500K'),
(19, 'Żarówka LED VALUE CLASSIC A MATOWA 40 5,5W 6500K E27 Osram', 'E27 Osram to żarówka LED o maksymalnej mocy 5,5 W odpowiadającej 31 W przy tradycyjnej żarówce oraz zasilaniu równym 260 V. Zastosowano w niej gwint typu E27. Żarówka jest źródłem światła o przyjemnym i bezpiecznym ciepłym zabarwieniu. W związku z tym jej temperatura barwowa jest równa 6500 K. A strumień świetlny ma wartość 280 lumenów. Produkt nie współpracuje ze ściemniaczem.', 'http://dummyimage.com/181x100.png/ff4444/ffffff', '18.99', '29.99', '4237e8dsx793', 41, 6, 1, 3, 'Biały-6500K'),
(20, 'Żarówka LED VALUE CLASSIC A MATOWA 40 5,5W 6500K E27 Osram', 'E27 Osram to żarówka LED o maksymalnej mocy 5,5 W odpowiadającej 31 W przy tradycyjnej żarówce oraz zasilaniu równym 260 V. Zastosowano w niej gwint typu E27. Żarówka jest źródłem światła o przyjemnym i bezpiecznym ciepłym zabarwieniu. W związku z tym jej temperatura barwowa jest równa 6500 K. A strumień świetlny ma wartość 280 lumenów. Produkt nie współpracuje ze ściemniaczem.', 'http://dummyimage.com/181x100.png/ff4444/ffffff', '18.99', '29.99', '4237e8dsx793', 41, 6, 1, 3, 'Biały-6500K'),
(21, 'Żarówka LED VALUE CLASSIC A MATOWA 40 5,5W 2700K E27 Osram', 'E27 Osram to żarówka LED o maksymalnej mocy 5,5 W odpowiadającej 31 W przy tradycyjnej żarówce oraz zasilaniu równym 260 V. Zastosowano w niej gwint typu E27. Żarówka jest źródłem światła o przyjemnym i bezpiecznym ciepłym zabarwieniu. W związku z tym jej temperatura barwowa jest równa 2700 K. A strumień świetlny ma wartość 280 lumenów. Produkt nie współpracuje ze ściemniaczem.', 'http://dummyimage.com/181x100.png/ff4444/ffffff', '18.99', '29.99', '4237e8dsx793', 41, 6, 1, 3, 'Biały-2700K'),
(22, 'Żarówka LED VALUE CLASSIC A MATOWA 40 5,5W 2700K E27 Osram', 'E27 Osram to żarówka LED o maksymalnej mocy 5,5 W odpowiadającej 31 W przy tradycyjnej żarówce oraz zasilaniu równym 260 V. Zastosowano w niej gwint typu E27. Żarówka jest źródłem światła o przyjemnym i bezpiecznym ciepłym zabarwieniu. W związku z tym jej temperatura barwowa jest równa 2700 K. A strumień świetlny ma wartość 280 lumenów. Produkt nie współpracuje ze ściemniaczem.', 'http://dummyimage.com/181x100.png/ff4444/ffffff', '18.99', '29.99', '4237e8dsx793', 41, 6, 1, 3, 'Biały-2700K'),
(23, 'Żarówka LED VALUE CLASSIC A MATOWA 40 5,5W 2700K E27 Osram', 'E27 Osram to żarówka LED o maksymalnej mocy 5,5 W odpowiadającej 31 W przy tradycyjnej żarówce oraz zasilaniu równym 260 V. Zastosowano w niej gwint typu E27. Żarówka jest źródłem światła o przyjemnym i bezpiecznym ciepłym zabarwieniu. W związku z tym jej temperatura barwowa jest równa 2700 K. A strumień świetlny ma wartość 280 lumenów. Produkt nie współpracuje ze ściemniaczem.', 'http://dummyimage.com/181x100.png/ff4444/ffffff', '18.99', '29.99', '4237e8dsx793', 41, 6, 1, 3, 'Biały-2700K'),
(24, 'Żarówka LED VALUE CLASSIC A MATOWA 40 5,5W 2700K E27 Osram', 'E27 Osram to żarówka LED o maksymalnej mocy 5,5 W odpowiadającej 31 W przy tradycyjnej żarówce oraz zasilaniu równym 260 V. Zastosowano w niej gwint typu E27. Żarówka jest źródłem światła o przyjemnym i bezpiecznym ciepłym zabarwieniu. W związku z tym jej temperatura barwowa jest równa 2700 K. A strumień świetlny ma wartość 280 lumenów. Produkt nie współpracuje ze ściemniaczem.', 'http://dummyimage.com/181x100.png/ff4444/ffffff', '18.99', '29.99', '4237e8dsx793', 41, 6, 1, 3, 'Biały-2700K'),
(25, 'Żarówka LED VALUE CLASSIC A MATOWA 40 5,5W 2700K E27 Osram', 'E27 Osram to żarówka LED o maksymalnej mocy 5,5 W odpowiadającej 31 W przy tradycyjnej żarówce oraz zasilaniu równym 260 V. Zastosowano w niej gwint typu E27. Żarówka jest źródłem światła o przyjemnym i bezpiecznym ciepłym zabarwieniu. W związku z tym jej temperatura barwowa jest równa 2700 K. A strumień świetlny ma wartość 280 lumenów. Produkt nie współpracuje ze ściemniaczem.', 'http://dummyimage.com/181x100.png/ff4444/ffffff', '18.99', '29.99', '4237e8dsx793', 41, 6, 1, 3, 'Biały-2700K'),
(26, 'Żarówka LED CorePro 13W E27 2700K ciepła Philips 8718696490747', 'Nie trzeba czekać. Źródła światła LED firmy Philips zapewniają maksymalną jasność natychmiast po włączeniu. Wskaźnik oddawania barw (CRI) opisuje wpływ źródła światła na wygląd kolorów. Wskaźnik CRI naturalnego światła na zewnątrz wynosi 100 — jest to standard, z którym porównujemy wszelkie inne źródła światła. Wskaźnik CRI źródeł światła LED firmy Philips jest zawsze wyższy niż 80, a więc zbliżony do wartości, jaką ma światło słoneczne, dzięki czemu źródła światła LED wiernie i naturalnie oddają kolory.', 'http://dummyimage.com/230x100.png/ff4444/ffffff', '11.99', '24.99', '4237phil4793', 37, 3, 1, 4, 'Biały'),
(27, 'Żarówka LED CorePro 13W E27 2700K ciepła Philips 8718696490747', 'Nie trzeba czekać. Źródła światła LED firmy Philips zapewniają maksymalną jasność natychmiast po włączeniu. Wskaźnik oddawania barw (CRI) opisuje wpływ źródła światła na wygląd kolorów. Wskaźnik CRI naturalnego światła na zewnątrz wynosi 100 — jest to standard, z którym porównujemy wszelkie inne źródła światła. Wskaźnik CRI źródeł światła LED firmy Philips jest zawsze wyższy niż 80, a więc zbliżony do wartości, jaką ma światło słoneczne, dzięki czemu źródła światła LED wiernie i naturalnie oddają kolory.', 'http://dummyimage.com/230x100.png/ff4444/ffffff', '11.99', '24.99', '4237phil4793', 37, 3, 1, 4, 'Biały'),
(28, 'Żarówka LED CorePro 13W E27 2700K ciepła Philips 8718696490747', 'Nie trzeba czekać. Źródła światła LED firmy Philips zapewniają maksymalną jasność natychmiast po włączeniu. Wskaźnik oddawania barw (CRI) opisuje wpływ źródła światła na wygląd kolorów. Wskaźnik CRI naturalnego światła na zewnątrz wynosi 100 — jest to standard, z którym porównujemy wszelkie inne źródła światła. Wskaźnik CRI źródeł światła LED firmy Philips jest zawsze wyższy niż 80, a więc zbliżony do wartości, jaką ma światło słoneczne, dzięki czemu źródła światła LED wiernie i naturalnie oddają kolory.', 'http://dummyimage.com/230x100.png/ff4444/ffffff', '11.99', '24.99', '4237phil4793', 37, 3, 1, 4, 'Biały'),
(29, 'Żarówka LED CorePro 13W E27 2700K ciepła Philips 8718696490747', 'Nie trzeba czekać. Źródła światła LED firmy Philips zapewniają maksymalną jasność natychmiast po włączeniu. Wskaźnik oddawania barw (CRI) opisuje wpływ źródła światła na wygląd kolorów. Wskaźnik CRI naturalnego światła na zewnątrz wynosi 100 — jest to standard, z którym porównujemy wszelkie inne źródła światła. Wskaźnik CRI źródeł światła LED firmy Philips jest zawsze wyższy niż 80, a więc zbliżony do wartości, jaką ma światło słoneczne, dzięki czemu źródła światła LED wiernie i naturalnie oddają kolory.', 'http://dummyimage.com/230x100.png/ff4444/ffffff', '11.99', '24.99', '4237phil4793', 37, 3, 1, 4, 'Biały'),
(30, 'Żarówka LED CorePro 13W E27 2700K ciepła Philips 8718696490747', 'Nie trzeba czekać. Źródła światła LED firmy Philips zapewniają maksymalną jasność natychmiast po włączeniu. Wskaźnik oddawania barw (CRI) opisuje wpływ źródła światła na wygląd kolorów. Wskaźnik CRI naturalnego światła na zewnątrz wynosi 100 — jest to standard, z którym porównujemy wszelkie inne źródła światła. Wskaźnik CRI źródeł światła LED firmy Philips jest zawsze wyższy niż 80, a więc zbliżony do wartości, jaką ma światło słoneczne, dzięki czemu źródła światła LED wiernie i naturalnie oddają kolory.', 'http://dummyimage.com/230x100.png/ff4444/ffffff', '11.99', '24.99', '4237phil4793', 37, 3, 1, 4, 'Biały'),
(31, 'Żarówka Philips CorePro LED PLC 4.5W 830 2P G24d-1 3000K ciepła', ' Żarówka CorePro LED ide­al­nie zaspo­koi pod­sta­wowe potrzeby oświe­tle­niowe, zapew­nia­jąc piękne świa­tło i nie­za­wodną pracę, któ­rej ocze­kuje się od lamp LED, a przy tym jest przy­stępna cenowo. Są prze­wi­dziane jako zamien­niki żaró­wek.Zapew­niają dosko­nałą ener­go­osz­częd­ność i bar­dzo niskie koszty kon­ser­wa­cji.', 'http://dummyimage.com/148x100.png/dddddd/000000', '33.99', '64.99', '4237e8dsx793', 12, 2, 1, 5, 'Biały'),
(32, 'Żarówka Philips CorePro LED PLC 4.5W 830 2P G24d-1 3000K ciepła', ' Żarówka CorePro LED ide­al­nie zaspo­koi pod­sta­wowe potrzeby oświe­tle­niowe, zapew­nia­jąc piękne świa­tło i nie­za­wodną pracę, któ­rej ocze­kuje się od lamp LED, a przy tym jest przy­stępna cenowo. Są prze­wi­dziane jako zamien­niki żaró­wek.Zapew­niają dosko­nałą ener­go­osz­częd­ność i bar­dzo niskie koszty kon­ser­wa­cji.', 'http://dummyimage.com/148x100.png/dddddd/000000', '33.99', '64.99', '4237e8dsx793', 12, 2, 1, 5, 'Biały'),
(33, 'Żarówka Philips CorePro LED PLC 4.5W 830 2P G24d-1 3000K ciepła', ' Żarówka CorePro LED ide­al­nie zaspo­koi pod­sta­wowe potrzeby oświe­tle­niowe, zapew­nia­jąc piękne świa­tło i nie­za­wodną pracę, któ­rej ocze­kuje się od lamp LED, a przy tym jest przy­stępna cenowo. Są prze­wi­dziane jako zamien­niki żaró­wek.Zapew­niają dosko­nałą ener­go­osz­częd­ność i bar­dzo niskie koszty kon­ser­wa­cji.', 'http://dummyimage.com/148x100.png/dddddd/000000', '33.99', '64.99', '4237e8dsx793', 12, 2, 1, 5, 'Biały'),
(34, 'Żarówka Philips CorePro LED PLC 4.5W 830 2P G24d-1 3000K ciepła', ' Żarówka CorePro LED ide­al­nie zaspo­koi pod­sta­wowe potrzeby oświe­tle­niowe, zapew­nia­jąc piękne świa­tło i nie­za­wodną pracę, któ­rej ocze­kuje się od lamp LED, a przy tym jest przy­stępna cenowo. Są prze­wi­dziane jako zamien­niki żaró­wek.Zapew­niają dosko­nałą ener­go­osz­częd­ność i bar­dzo niskie koszty kon­ser­wa­cji.', 'http://dummyimage.com/148x100.png/dddddd/000000', '33.99', '64.99', '4237e8dsx793', 12, 2, 1, 5, 'Biały'),
(35, 'Żarówka Philips CorePro LED PLC 4.5W 830 2P G24d-1 3000K ciepła', ' Żarówka CorePro LED ide­al­nie zaspo­koi pod­sta­wowe potrzeby oświe­tle­niowe, zapew­nia­jąc piękne świa­tło i nie­za­wodną pracę, któ­rej ocze­kuje się od lamp LED, a przy tym jest przy­stępna cenowo. Są prze­wi­dziane jako zamien­niki żaró­wek.Zapew­niają dosko­nałą ener­go­osz­częd­ność i bar­dzo niskie koszty kon­ser­wa­cji.', 'http://dummyimage.com/148x100.png/dddddd/000000', '33.99', '64.99', '4237e8dsx793', 12, 2, 1, 5, 'Biały'),
(36, 'Pasek taśma LED Philips LightStrip 5m zestaw', 'Jeśli taśmy LightStrip nie mają pasują idealnie do wybranego miejsca, można je łatwo skrócić do odpowiedniej długości. Taśmy można przycinać w miejscach, w których widoczne są specjalne oznaczenia co 10cm. Wystarczy podłączyć. Prosta instalacja taśmy LightStrip są bardzo łatwe w instalacji i gwarantują natychmiastową zabawę — wystarczy podłączyć. Wszystkie niezbędne elementy znajdują się w zestawie, a wymagane czynności są objaśnione w skróconej instrukcji obsługi.', 'http://dummyimage.com/195x100.png/dddddd/000000', '9.99', '19.99', '4237e8dsx793', 47, 1, 1, 6, 'Żółty'),
(37, 'Pasek taśma LED Philips LightStrip 5m zestaw', 'Jeśli taśmy LightStrip nie mają pasują idealnie do wybranego miejsca, można je łatwo skrócić do odpowiedniej długości. Taśmy można przycinać w miejscach, w których widoczne są specjalne oznaczenia co 10cm. Wystarczy podłączyć. Prosta instalacja taśmy LightStrip są bardzo łatwe w instalacji i gwarantują natychmiastową zabawę — wystarczy podłączyć. Wszystkie niezbędne elementy znajdują się w zestawie, a wymagane czynności są objaśnione w skróconej instrukcji obsługi.', 'http://dummyimage.com/195x100.png/dddddd/000000', '9.99', '19.99', '4237e8dsx793', 47, 1, 1, 6, 'Żółty'),
(38, 'Pasek taśma LED Philips LightStrip 5m zestaw', 'Jeśli taśmy LightStrip nie mają pasują idealnie do wybranego miejsca, można je łatwo skrócić do odpowiedniej długości. Taśmy można przycinać w miejscach, w których widoczne są specjalne oznaczenia co 10cm. Wystarczy podłączyć. Prosta instalacja taśmy LightStrip są bardzo łatwe w instalacji i gwarantują natychmiastową zabawę — wystarczy podłączyć. Wszystkie niezbędne elementy znajdują się w zestawie, a wymagane czynności są objaśnione w skróconej instrukcji obsługi.', 'http://dummyimage.com/195x100.png/dddddd/000000', '9.99', '19.99', '4237e8dsx793', 47, 1, 1, 6, 'Żółty'),
(39, 'Pasek taśma LED Philips LightStrip 5m zestaw', 'Jeśli taśmy LightStrip nie mają pasują idealnie do wybranego miejsca, można je łatwo skrócić do odpowiedniej długości. Taśmy można przycinać w miejscach, w których widoczne są specjalne oznaczenia co 10cm. Wystarczy podłączyć. Prosta instalacja taśmy LightStrip są bardzo łatwe w instalacji i gwarantują natychmiastową zabawę — wystarczy podłączyć. Wszystkie niezbędne elementy znajdują się w zestawie, a wymagane czynności są objaśnione w skróconej instrukcji obsługi.', 'http://dummyimage.com/195x100.png/dddddd/000000', '9.99', '19.99', '4237e8dsx793', 47, 1, 1, 6, 'Żółty'),
(40, 'Pasek taśma LED Philips LightStrip 5m zestaw', 'Jeśli taśmy LightStrip nie mają pasują idealnie do wybranego miejsca, można je łatwo skrócić do odpowiedniej długości. Taśmy można przycinać w miejscach, w których widoczne są specjalne oznaczenia co 10cm. Wystarczy podłączyć. Prosta instalacja taśmy LightStrip są bardzo łatwe w instalacji i gwarantują natychmiastową zabawę — wystarczy podłączyć. Wszystkie niezbędne elementy znajdują się w zestawie, a wymagane czynności są objaśnione w skróconej instrukcji obsługi.', 'http://dummyimage.com/195x100.png/dddddd/000000', '9.99', '19.99', '4237e8dsx793', 47, 1, 1, 6, 'Żółty'),
(41, 'Pasek taśma LED Philips LightStrip 5m zestaw', 'Jeśli taśmy LightStrip nie mają pasują idealnie do wybranego miejsca, można je łatwo skrócić do odpowiedniej długości. Taśmy można przycinać w miejscach, w których widoczne są specjalne oznaczenia co 10cm. Wystarczy podłączyć. Prosta instalacja taśmy LightStrip są bardzo łatwe w instalacji i gwarantują natychmiastową zabawę — wystarczy podłączyć. Wszystkie niezbędne elementy znajdują się w zestawie, a wymagane czynności są objaśnione w skróconej instrukcji obsługi.', 'http://dummyimage.com/195x100.png/dddddd/000000', '9.99', '19.99', '4237e8dsx793', 47, 1, 1, 6, 'Żółty'),
(42, 'Pasek taśma LED Philips LightStrip 5m zestaw', 'Jeśli taśmy LightStrip nie mają pasują idealnie do wybranego miejsca, można je łatwo skrócić do odpowiedniej długości. Taśmy można przycinać w miejscach, w których widoczne są specjalne oznaczenia co 10cm. Wystarczy podłączyć. Prosta instalacja taśmy LightStrip są bardzo łatwe w instalacji i gwarantują natychmiastową zabawę — wystarczy podłączyć. Wszystkie niezbędne elementy znajdują się w zestawie, a wymagane czynności są objaśnione w skróconej instrukcji obsługi.', 'http://dummyimage.com/195x100.png/dddddd/000000', '9.99', '19.99', '4237e8dsx793', 47, 1, 1, 6, 'Żółty'),
(43, 'Pasek taśma LED Philips LightStrip 5m zestaw', 'Jeśli taśmy LightStrip nie mają pasują idealnie do wybranego miejsca, można je łatwo skrócić do odpowiedniej długości. Taśmy można przycinać w miejscach, w których widoczne są specjalne oznaczenia co 10cm. Wystarczy podłączyć. Prosta instalacja taśmy LightStrip są bardzo łatwe w instalacji i gwarantują natychmiastową zabawę — wystarczy podłączyć. Wszystkie niezbędne elementy znajdują się w zestawie, a wymagane czynności są objaśnione w skróconej instrukcji obsługi.', 'http://dummyimage.com/195x100.png/dddddd/000000', '9.99', '19.99', '4237e8dsx793', 47, 1, 1, 6, 'Żółty'),
(44, 'Pasek taśma LED Philips LightStrip 5m zestaw', 'Jeśli taśmy LightStrip nie mają pasują idealnie do wybranego miejsca, można je łatwo skrócić do odpowiedniej długości. Taśmy można przycinać w miejscach, w których widoczne są specjalne oznaczenia co 10cm. Wystarczy podłączyć. Prosta instalacja taśmy LightStrip są bardzo łatwe w instalacji i gwarantują natychmiastową zabawę — wystarczy podłączyć. Wszystkie niezbędne elementy znajdują się w zestawie, a wymagane czynności są objaśnione w skróconej instrukcji obsługi.', 'http://dummyimage.com/195x100.png/dddddd/000000', '9.99', '19.99', '4237e8dsx793', 47, 1, 1, 6, 'Żółty'),
(45, 'Pasek taśma LED Philips LightStrip 5m zestaw', 'Jeśli taśmy LightStrip nie mają pasują idealnie do wybranego miejsca, można je łatwo skrócić do odpowiedniej długości. Taśmy można przycinać w miejscach, w których widoczne są specjalne oznaczenia co 10cm. Wystarczy podłączyć. Prosta instalacja taśmy LightStrip są bardzo łatwe w instalacji i gwarantują natychmiastową zabawę — wystarczy podłączyć. Wszystkie niezbędne elementy znajdują się w zestawie, a wymagane czynności są objaśnione w skróconej instrukcji obsługi.', 'http://dummyimage.com/195x100.png/dddddd/000000', '9.99', '19.99', '4237e8dsx793', 47, 1, 1, 6, 'Żółty');

INSERT INTO `product_category` (`product_ID`, `category_ID`) VALUES
(1, 10),
(2, 10),
(3, 10),
(4, 10),
(5, 10),
(6, 2),
(7, 2),
(8, 2),
(9, 2),
(10, 2),
(11, 3),
(12, 3),
(13, 3),
(14, 3),
(15, 3),
(16, 5),
(17, 5),
(18, 5),
(19, 5),
(20, 5),
(21, 4),
(22, 4),
(23, 4),
(24, 4),
(25, 4),
(26, 6),
(27, 6),
(28, 6),
(29, 6),
(30, 6),
(31, 7),
(32, 7),
(33, 7),
(34, 7),
(35, 7),
(36, 8),
(37, 8),
(38, 8),
(39, 8),
(40, 8),
(41, 9),
(42, 9),
(43, 9),
(44, 9),
(45, 9);

INSERT INTO `product_filter_value` (`product_ID`, `filter_value_ID`) VALUES
(1, 1),
(2, 2),
(3, 3),
(4, 2),
(5, 7),
(6, 4),
(7, 4),
(8, 4),
(9, 8),
(10, 1),
(11, 2),
(12, 3),
(13, 2),
(14, 7),
(15, 4),
(16, 4),
(17, 4),
(18, 8),
(19, 1),
(20, 2),
(21, 3),
(22, 2),
(23, 7),
(24, 4),
(25, 4),
(26, 4),
(27, 8),
(28, 1),
(29, 2),
(30, 3),
(31, 2),
(32, 7),
(33, 4),
(34, 4),
(35, 4),
(36, 8),
(37, 1),
(38, 2),
(39, 3),
(40, 2),
(41, 7),
(42, 4),
(43, 4),
(44, 4),
(45, 8);

INSERT INTO `product_flag` (`product_ID`, `flag_ID`) VALUES
(1, 1),
(1, 2),
(1, 3),
(2, 1),
(2, 2),
(2, 3),
(3, 1),
(3, 2),
(4, 1),
(4, 2),
(4, 3),
(5, 1),
(5, 2),
(5, 3),
(6, 1),
(6, 2),
(7, 1),
(7, 2),
(7, 3),
(8, 1),
(8, 2),
(8, 3),
(9, 1),
(9, 2),
(10, 1),
(10, 2),
(10, 3),
(11, 1),
(11, 2),
(11, 3),
(12, 2),
(13, 1),
(13, 2),
(13, 3),
(14, 1),
(14, 2),
(14, 3),
(15, 1),
(15, 2),
(16, 1),
(16, 2),
(16, 3),
(17, 1),
(17, 2),
(17, 3),
(18, 1),
(18, 2),
(19, 1),
(19, 2),
(19, 3),
(20, 1),
(20, 2),
(20, 3),
(21, 1),
(21, 2),
(22, 1),
(22, 2),
(22, 3),
(23, 1),
(23, 2),
(23, 3),
(24, 1),
(24, 2),
(25, 1),
(25, 2),
(25, 3),
(26, 1),
(26, 2),
(26, 3),
(27, 1),
(27, 2),
(28, 1),
(28, 2),
(28, 3),
(29, 1),
(29, 2),
(29, 3),
(30, 1),
(30, 2),
(31, 1),
(31, 2),
(31, 3),
(32, 1),
(32, 2),
(32, 3),
(33, 1),
(33, 2),
(34, 1),
(34, 2),
(34, 3),
(35, 1),
(35, 2),
(35, 3),
(36, 1),
(36, 2),
(37, 1),
(37, 2),
(37, 3),
(38, 1),
(38, 2),
(38, 3),
(39, 1),
(39, 2),
(40, 1),
(40, 2),
(40, 3),
(41, 1),
(41, 2),
(41, 3),
(42, 1),
(42, 2),
(43, 1),
(43, 2),
(43, 3),
(44, 1),
(44, 2),
(44, 3),
(45, 1),
(45, 2);

INSERT INTO `product_image` (`ID`, `image_name`, `product_ID`, `main`) VALUES
(1, '/products/Photo – 1.png', 1, 0),
(2, '/products/Photo – 1.png', 2, 0),
(3, '/products/Photo – 1.png', 3, 0),
(4, '/products/Photo – 1.png', 4, 0),
(5, '/products/Photo – 1.png', 5, 0),
(6, '/products/zarowka_filamentowa.jpg', 6, 0),
(7, '/products/zarowka_filamentowa.jpg', 7, 0),
(8, '/products/zarowka_filamentowa.jpg', 8, 0),
(9, '/products/zarowka_filamentowa.jpg', 9, 0),
(10, '/products/zarowka_filamentowa.jpg', 10, 0),
(11, '/products/zarowka_OSRAM_produkt.jpg', 11, 0),
(12, '/products/zarowka_OSRAM_pudelko.jpg', 11, 0),
(13, '/products/zarowka_OSRAM_produkt.jpg', 12, 0),
(14, '/products/zarowka_OSRAM_pudelko.jpg', 12, 0),
(15, '/products/zarowka_OSRAM_produkt.jpg', 13, 0),
(16, '/products/zarowka_OSRAM_pudelko.jpg', 13, 0),
(17, '/products/zarowka_OSRAM_produkt.jpg', 14, 0),
(18, '/products/zarowka_OSRAM_pudelko.jpg', 14, 0),
(19, '/products/zarowka_OSRAM_produkt.jpg', 15, 0),
(20, '/products/zarowka_OSRAM_pudelko.jpg', 15, 0),
(21, '/products/zarowka_OSRAM_produkt.jpg', 16, 0),
(22, '/products/zarowka_OSRAM_pudelko.jpg', 16, 0),
(23, '/products/zarowka_OSRAM_produkt.jpg', 17, 0),
(24, '/products/zarowka_OSRAM_pudelko.jpg', 17, 0),
(25, '/products/zarowka_OSRAM_produkt.jpg', 18, 0),
(26, '/products/zarowka_OSRAM_pudelko.jpg', 18, 0),
(27, '/products/zarowka_OSRAM_produkt.jpg', 19, 0),
(28, '/products/zarowka_OSRAM_pudelko.jpg', 19, 0),
(29, '/products/zarowka_OSRAM_produkt.jpg', 20, 0),
(30, '/products/zarowka_OSRAM_pudelko.jpg', 20, 0),
(31, '/products/zarowka_OSRAM_produkt.jpg', 21, 0),
(32, '/products/zarowka_OSRAM_pudelko.jpg', 21, 0),
(33, '/products/zarowka_OSRAM_produkt.jpg', 22, 0),
(34, '/products/zarowka_OSRAM_pudelko.jpg', 22, 0),
(35, '/products/zarowka_OSRAM_produkt.jpg', 23, 0),
(36, '/products/zarowka_OSRAM_pudelko.jpg', 23, 0),
(37, '/products/zarowka_OSRAM_produkt.jpg', 24, 0),
(38, '/products/zarowka_OSRAM_pudelko.jpg', 24, 0),
(39, '/products/zarowka_OSRAM_produkt.jpg', 25, 0),
(40, '/products/zarowka_OSRAM_pudelko.jpg', 25, 0),
(41, '/products/zarowka_PHILIPS_produkt.jpg', 26, 0),
(42, '/products/zarowka_PHILIPS_wyciagnieta.jpg', 26, 0),
(43, '/products/zarowka_PHILIPS_prezentacja.jpg', 26, 0),
(44, '/products/zarowka_PHILIPS_produkt.jpg', 27, 0),
(45, '/products/zarowka_PHILIPS_wyciagnieta.jpg', 27, 0),
(46, '/products/zarowka_PHILIPS_prezentacja.jpg', 27, 0),
(47, '/products/zarowka_PHILIPS_produkt.jpg', 28, 0),
(48, '/products/zarowka_PHILIPS_wyciagnieta.jpg', 28, 0),
(49, '/products/zarowka_PHILIPS_prezentacja.jpg', 28, 0),
(50, '/products/zarowka_PHILIPS_produkt.jpg', 29, 0),
(51, '/products/zarowka_PHILIPS_wyciagnieta.jpg', 29, 0),
(52, '/products/zarowka_PHILIPS_prezentacja.jpg', 29, 0),
(53, '/products/zarowka_PHILIPS_produkt.jpg', 30, 0),
(54, '/products/zarowka_PHILIPS_wyciagnieta.jpg', 30, 0),
(55, '/products/zarowka_PHILIPS_prezentacja.jpg', 30, 0),
(56, '/products/corepro_PHILIPS_produkt.jpg', 31, 0),
(57, '/products/corepro_PHILIPS_energia.png', 31, 0),
(58, '/products/corepro_PHILIPS_produkt.jpg', 32, 0),
(59, '/products/corepro_PHILIPS_energia.png', 32, 0),
(60, '/products/corepro_PHILIPS_produkt.jpg', 33, 0),
(61, '/products/corepro_PHILIPS_energia.png', 33, 0),
(62, '/products/corepro_PHILIPS_produkt.jpg', 34, 0),
(63, '/products/corepro_PHILIPS_energia.png', 34, 0),
(64, '/products/corepro_PHILIPS_produkt.jpg', 35, 0),
(65, '/products/corepro_PHILIPS_energia.png', 35, 0),
(66, '/products/tasmaLED_PHILIPS_produkt.jpg', 36, 0),
(67, '/products/tasmaLED_PHILIPS_żółta.png', 36, 0),
(68, '/products/tasmaLED_PHILIPS_zasilacz.jpg', 36, 0),
(69, '/products/tasmaLED_PHILIPS_produkt.jpg', 37, 0),
(70, '/products/tasmaLED_PHILIPS_żółta.png', 37, 0),
(71, '/products/tasmaLED_PHILIPS_zasilacz.jpg', 37, 0),
(72, '/products/tasmaLED_PHILIPS_produkt.jpg', 38, 0),
(73, '/products/tasmaLED_PHILIPS_żółta.png', 38, 0),
(74, '/products/tasmaLED_PHILIPS_zasilacz.jpg', 38, 0),
(75, '/products/tasmaLED_PHILIPS_produkt.jpg', 39, 0),
(76, '/products/tasmaLED_PHILIPS_żółta.png', 39, 0),
(77, '/products/tasmaLED_PHILIPS_zasilacz.jpg', 39, 0),
(78, '/products/tasmaLED_PHILIPS_produkt.jpg', 40, 0),
(79, '/products/tasmaLED_PHILIPS_żółta.png', 40, 0),
(80, '/products/tasmaLED_PHILIPS_zasilacz.jpg', 40, 0),
(81, '/products/tasmaLED_PHILIPS_produkt.jpg', 41, 0),
(82, '/products/tasmaLED_PHILIPS_żółta.png', 41, 0),
(83, '/products/tasmaLED_PHILIPS_zasilacz.jpg', 41, 0),
(84, '/products/tasmaLED_PHILIPS_produkt.jpg', 42, 0),
(85, '/products/tasmaLED_PHILIPS_żółta.png', 42, 0),
(86, '/products/tasmaLED_PHILIPS_zasilacz.jpg', 42, 0),
(87, '/products/tasmaLED_PHILIPS_produkt.jpg', 43, 0),
(88, '/products/tasmaLED_PHILIPS_żółta.png', 43, 0),
(89, '/products/tasmaLED_PHILIPS_zasilacz.jpg', 43, 0),
(90, '/products/tasmaLED_PHILIPS_produkt.jpg', 44, 0),
(91, '/products/tasmaLED_PHILIPS_żółta.png', 44, 0),
(92, '/products/tasmaLED_PHILIPS_zasilacz.jpg', 44, 0),
(93, '/products/tasmaLED_PHILIPS_produkt.jpg', 45, 0),
(94, '/products/tasmaLED_PHILIPS_żółta.png', 45, 0),
(95, '/products/tasmaLED_PHILIPS_zasilacz.jpg', 45, 0);

INSERT INTO `product_parameter_value` (`product_ID`, `parameter_value_ID`) VALUES
(1, 1),
(2, 2),
(3, 3),
(4, 2),
(5, 3),
(6, 4),
(7, 5),
(8, 5),
(9, 6),
(10, 1),
(11, 2),
(12, 3),
(13, 2),
(14, 3),
(15, 4),
(16, 5),
(17, 5),
(18, 6),
(19, 1),
(20, 2),
(21, 3),
(22, 2),
(23, 3),
(24, 4),
(25, 5),
(26, 5),
(27, 6),
(28, 1),
(29, 2),
(30, 3),
(31, 2),
(32, 3),
(33, 4),
(34, 5),
(35, 5),
(36, 6),
(37, 1),
(38, 2),
(39, 3),
(40, 2),
(41, 3),
(42, 4),
(43, 5),
(44, 5),
(45, 6);



insert into manufacturer (ID, name, image_name) values (1, 'Philips', '/manufacturers/Philips_logo.png');
insert into manufacturer (ID, name, image_name) values (2, 'Osram', '/manufacturers/osram_logo.png');
insert into manufacturer (ID, name, image_name) values (3, 'Spiral', '/manufacturers/spiral_logo.png');
insert into manufacturer (ID, name, image_name) values (4, 'Simon', '/manufacturers/simon_logo.jpg');

INSERT INTO `product_manufacturer` (`product_ID`, `manufacturer_ID`) VALUES
(1, 4),
(2, 4),
(3, 4),
(4, 4),
(5, 4),
(6, 3),
(7, 3),
(8, 3),
(9, 3),
(10, 3),
(11, 2),
(12, 2),
(13, 2),
(14, 2),
(15, 2),
(16, 2),
(17, 2),
(18, 2),
(19, 2),
(20, 2),
(21, 2),
(22, 2),
(23, 2),
(24, 2),
(25, 2),
(26, 1),
(27, 1),
(28, 1),
(29, 1),
(30, 1),
(31, 1),
(32, 1),
(33, 1),
(34, 1),
(35, 1),
(36, 1),
(37, 1),
(38, 1),
(39, 1),
(40, 1),
(41, 1),
(42, 1),
(43, 1),
(44, 1),
(45, 1);
